"ID задачи","Проект","Теги","Заголовок","Заявитель","Создана","Обновлена","Завершенная","Исполнитель","Тип","Вид бага","Серьёзность","Компонент","Описание","Голоса"
"U4-632","Циопа Анна","Звезда","На странице https://phptravels.net/signup ошибка 500 в консоли.","Anna Tsiopa","29 Aug 2022","30 Aug 2022",,"root","Bug","Functional","Critical","PhpTravels","1. Открыть сайт
2. Выбрать в селекторе Account команду Signup
3. Заполнить все поля и нажать на кнопку Signup

   **Результат:** POST <https://phptravels.net/signup> 500

   ![](Screenshot_1.png){width=70%}

   **Ожидаемый результат:** ошибок нет","0"
"U4-631","Циопа Анна","Звезда","Сайт не адаптирован в десктопной версии Chrome. ","Anna Tsiopa","26 Aug 2022","28 Aug 2022",,"root","Bug","Cross-Browser","Critical","PhpTravels","1. Открыть главную страницу сайта в десктопной версии в браузере Chrome
2. Открыть главную страницу сайта на мобильном устройстве в браузере Safari

   **Результат:** в десктопной версии сайт сайт не адаптирован, все элементы не на своих местах. В мобильной версии отображение корректно

   ![](Screenshot_1.png){width=70%}

   **Ожидаемый результат:** сайт адаптирован для всех устройств и разрешений
   ![](IMG_9225.MP4)","0"
"U4-629","Циопа Анна","Звезда","В верхней части сайта есть кнопка, которая открывает пустой раздел сайта. ","Anna Tsiopa","25 Aug 2022","28 Aug 2022",,"root","Bug","UI","Major","MySite","1. Открыть главную страницу
2. В верхнем правом углу нажать на кнопку ""+""

   **Результат:** раскрывается пустой раздел.

   ![](VJuwzQLBkO.gif){width=70%}

   **Ожидаемый результат**: по нажатию кнопки раскрывается раздел с информацией, либо кнопки на сайте нет.","0"
"U4-623","Циопа Анна","Звезда","В разделе Контакты сохраняются данные ""Телефон"" и ""Почта"" каждого из аккаунтов при использовании функции ""Объединить""","Anna Tsiopa","25 Aug 2022","27 Aug 2022",,"root","Bug","Functional","Major","EspoCRM","1. Открыть программу
2. Перейти в раздел Контакты
3. Отметить галочками в списке контакты Test1 1 и Test2 2
4. В селекторе Действия выбрать Объединить 
5. Нажать на кнопку Объединить

   **Результат:** в объединенной карточке контакта отображаются почты и телефоны первого и второго аккаунта. 

   ![](YwU6mfmB5s.gif){width=70%}

   **Ожидаемый результат:** в объединенной карточке отображаются только выбранные при объединении данные. ","0"
"U4-624","Циопа Анна","Звезда","В разделе Контакты фильтрация по электронной почте отображает невалидные результаты при поиске значения ""Начинается с 2"". ","Anna Tsiopa","25 Aug 2022","27 Aug 2022",,"root","Bug","Functional","Major","EspoCRM","1. Открыть программу
2. Перейти в раздел контакты
3. Нажать на селектор Добавить поле
4. Выбрать Адрес эл.почты
5. Ввести в поле ""2""
6. Выбрать в селекторе действия ""Начинается с"" или ""Содержит""
7. Нажать на кнопку Поиска

   **Результат:** в результатах поиска также присутствуют почты, которые не начинаются или не содержат значения ""2""

   ![](EBtvuDfGKu.gif){width=70%}

   **Ожидаемый результат**: в результатах поиска отображаются значения, которые начинаются или содержат значение ""2""","0"
"U4-625","Циопа Анна","Звезда","В разделе Кандидаты есть фильтры ""Будущее"" и ""Следующие Х дней"" в поле Создано, которые не соответствуют данным в разделе.","Anna Tsiopa","25 Aug 2022","27 Aug 2022",,"root","Bug","Functional","Major","EspoCRM","1. Открыть программу
2. Перейти в раздел Кандидаты
3. Выбрать в селекторе Добавить поле фильтр Создано
4. Выбрать в селекторе фильтра значения ""Будущее"" или ""Следующие Х дней""

   **Результат**: при создании кандидата нет варианта отложенного создания, указанные фильтры не имеют смысла либо некорректно названы. Актуально для всех разделов сайта, где есть фильтрация

   ![](D9tFV3ml0R.gif){width=70%}

   **Ожидаемый результат:** все фильтры соответствуют контексту, бесполезных фильтров в списке нет. ","0"
"U4-626","Циопа Анна","Звезда","В разделе Кампании в опции Список целей не работает сортировка по количеству ","Anna Tsiopa","25 Aug 2022","27 Aug 2022",,"root","Bug","Functional","Major","EspoCRM","1. Открыть программу
2. Перейти в раздел Кампании
3. Нажать на кнопку Список целей
4. Нажать на столбец Количество
   **Результат:** сортировка не срабатывает, появляется предупреждение ""Bad server response""

   ![](UOmc2pQxij.gif){width=70%}
   **Ожидаемый результат:** значения отсортированы по столбцу Количество","0"
"U4-627","Циопа Анна","Звезда","На сайте в разделе Бланки заявлений не открывается ссылка ""Бланк заявления на перенос счетчика воды word""","Anna Tsiopa","25 Aug 2022","27 Aug 2022",,"root","Bug","Functional","Critical","MySite","1. Открыть сайт <https://novoantropshino.ru/>
2. Выбрать в нижнем меню сайта раздел Бланки заявлений
3. Нажать на ссылку  ""Бланк заявления на перенос счетчика воды word"" в разделе Муринское сельское поселение

   **Результат:** ссылка не открывается, бланк невозможно скачать.

   ![](Gym5j34QTm.gif){width=70%}

   **Ожидаемый результат:** открывается ссылка на бланк. ","0"
"U4-628","Циопа Анна","Звезда","На главной странице сайта не меняется курсор при наведении на кнопку ""Версия для слабовидящих""","Anna Tsiopa","25 Aug 2022","27 Aug 2022",,"root","Bug","Usability","Normal","MySite","1. Открыть главную страницу сайта <https://novoantropshino.ru/>
2. Навести курсор на кноку Версия для слабовидящих

   **Результат:** курсор не изменился с текстового выделения на курсор-руку.

   ![](xf0MkTSrcq.gif){width=70%}

   **Ожидаемый результат:** курсор изменился на курсор-руку. ","0"
"U4-630","Циопа Анна","Звезда","В разделе Отправить показания счётчиков в формы ввода вносятся недопустимые значения.","Anna Tsiopa","25 Aug 2022","27 Aug 2022",,"root","Bug","Functional","Major","MySite","1. Открыть сайт <https://novoantropshino.ru/>
2. Нажать на баннер ""Отправить показания счётчиков""
3. Ввести в поле Квартира и Стояк 1 ХВС значения -1
4. Ввести в поле Электрич. день ""e"" и ""+"" на латинице 

   **Результат:** сайт не блокирует ввод данных в поля.

   ![](Screenshot_1.png){width=70%}

   **Ожидаемый результат:** сайт блокирует введение отрицательных чисел, символов и букв в числовые поля ввода.","0"
"U4-576","Циопа Анна","Звезда","В личном кабинете в разделе ""My Profile"" в поле ""Country"" есть пустая строка и строка Select.","Anna Tsiopa","20 Aug 2022","25 Aug 2022",,"root","Bug","Functional","Normal","PhpTravels","1. Открыть главную страницу и авторизоваться (логин: nubopoxi@mailinator.com пароль:12345)

2. Нажать на кнопку Account, выбрать раздел My Profile.

3. Раскрыть селектор Country.

   **Результат:** в селекторе есть пустая строка и строка Select.

   ![](3.png){width=70%}

   **Ожидаемый результат:** Есть либо пустая строка, либо строка Select. Если нужно оставить поле не заполеннным, то выбрать пустую строку или строку ""не выбрано""/'Select"" (как пример).","0"
"U4-608","Циопа Анна","Звезда","В разделе Flights фильтр по авиалиниям частично не работает при выборе по одной четырех из пяти авиалинии.","Anna Tsiopa","22 Aug 2022","25 Aug 2022",,"root","Bug","Functional","Major","PhpTravels","1. Открыть главную страницу сайта и перейти в раздел Flights
2. Ввести в поле Flying From значение ""Istanbul"", в поле To Destination - ""Dubai Intl"", выбрать любую дату, в селекторе Passengers выбрать 1Adults.
3. Нажать на кнопку Seach.
4. Выбрать в фильтре Airlines каждое значение по очереди.

   **Результат:** рейсы не найдены. 

   ![](1KQXI9uWcj.gif){width=70%}

   **Ожидаемый результат:** рейсы отфильтрованы по авиакомпании. ","0"
"U4-617","Циопа Анна","Звезда","В разделе Эл.письма не отправляются электронные письма, ошибка 505","Anna Tsiopa","23 Aug 2022","25 Aug 2022",,"root","Bug","Functional","Blocker","EspoCRM","1. Открыть программу

2. Перейти в раздел Эл.письма

3. Нажать на кноку ""Новое сообщение"" и произвольно заполнить поля

4. Нажать на кнопку Отправить

   **Результат:** ошибка сервера 500, письмо не отправлено.

   ![](Screenshot_1.png){width=70%}

   **Ожидаемый результат:** письмо отправлено получателю.","0"
"U4-618","Циопа Анна","Звезда","В разделе Документы можно создать папки с одинаковым именем.","Anna Tsiopa","23 Aug 2022","25 Aug 2022",,"root","Bug","Functional","Major","EspoCRM","1. Открыть программу 

2. Перейти в раздел документы

3. Нажать на кнопку ""Управление папками"" рядом с кнопкой Документы

4. Нажать на значок + и добавить папку с названием ""test1""

5. Повторить действия, добавив вторую папку с названием ""test1""

   **Результат:** программа позволяет создать две одинаковых папки.

   ![](NGpoSmSva4.gif){width=70%}

   **Ожидаемый результат:** имя папки должно быть уникально.","0"
"U4-619","Циопа Анна","Звезда","В разделе Документы в документах не обновляется папка после удаления папки. ","Anna Tsiopa","23 Aug 2022","25 Aug 2022",,"root","Bug","Functional","Major","EspoCRM","1. Открыть программу 

2. Перейти в раздел Документы

3. Создать папку в меню Управление папками  с названием Test2

4. Добавить любой документ, нажав на кнопку Создать документ

5. Выбрать в поле Папка Test2

6. Удалить папку Test2 в меню Управление папками

7. Вернутся назад в документы 

8. Открыть ранее созданный файл

   **Результат:** в поле папка указано Test2

   ![](SVQlaOkpIK.gif){width=70%}

   **Ожидаемый результат: поле папка обновилось, значение пустое. Либо при удалении папки программа выдаёт предупреждение о наличии документов в папке.**","0"
"U4-620","Циопа Анна","Звезда","В разделе Звонки можно выбрать прошедшее время звонка.","Anna Tsiopa","23 Aug 2022","25 Aug 2022",,"root","Bug","Functional","Major","EspoCRM","1. Открыть программу

2. Перейти в раздел звонки

3. Нажать на кнопку ""Создать звонок""

4. Выбрать вчерашний день в календаре

5. Выбрать статус Запланирован

   **Результат:** звонок успешно создан.

   ![](zM46flBHG3.gif){width=70%}

   **Ожидаемый результат:** нельзя создать звонок с датой и временем ранее текущего","0"
"U4-622","Циопа Анна","Звезда","В верхней панели у кнопок нет тултипов","Anna Tsiopa","23 Aug 2022","25 Aug 2022",,"root","Bug","Usability","Major","EspoCRM","1. Открыть программу
2. Навести курсор на кнопки ""Меню"", ""Оповещения"", ""Добавить"", ""Поиск""

   **Результат:** тултип есть только у кнопки ""Меню"".

   ![](ljUWtHCiuE.gif){width=70%}

   **Ожидаемый результат:** тултипы есть у всех кнопок. ","0"
"U4-616","Циопа Анна","Звезда","В разделе Лента не срабатывает отображение текста как удалённого при оставлении заметки","Anna Tsiopa","23 Aug 2022","25 Aug 2022",,"root","Bug","Functional","Major","EspoCRM","1. Открыть программу
2. Перейти в раздел Кандидаты
3. Добавить в поле ввода в разделе Лента текст ""\~удаленный текст"" и нажать на кнопку Разместить

   **Результат:** отображение текста удалённым не срабатывает.

   ![](Screenshot_4.png){width=70%}

   **Ожидаемый результат:** текст отображается как перечёркнутый ""~~удаленный текст~~""","0"
"U4-614","Циопа Анна","Звезда"," В разделе Пользователи можно добавить русские буквы и символы в поле Имя пользователя.","Anna Tsiopa","23 Aug 2022","25 Aug 2022",,"root","Bug","Functional","Major","EspoCRM","1. Открыть программу, в левом меню выбрать **... -\>** Пункт пользователи

2. Нажать на кнопку Создать пользователя

3. Ввести в поле ""Имя пользователя"" текст на киррилице, добавить символы $%&

   **Результат:** программа позволяет внести символы, но не сохраняет их.

   ![](Screenshot_3.png){width=70%}

   **Ожидаемый результат:** программа блокирует ввод невалидных значений.","0"
"U4-607","Циопа Анна","Звезда","В форме регистрации можно ввести невалидные значения в поле почты и телефона ","Anna Tsiopa","22 Aug 2022","24 Aug 2022",,"root","Bug","Functional","Major","PhpTravels","1. Открыть главную страницу
2. Выбрать в селекторе Account строку Customer Signup
3. Ввести в поле Email значение ""набор букв"", в поле Phone - ""набор цифр""
4. Заполнить поля Fist Name, Last Name произвольно
5. Нажать на кнопку ""Signup""

   **Результат:** сайт принимает значения и позволяет зарегистироваться.

   ![](V438XVtCJd.gif){width=70%}

   **Ожидаемый результат:** сайт принимает только числовые значения в поле Phone и валидные почты в поле Email.","0"
"U4-609","Циопа Анна","Звезда","В формах бронирования не меняется тип курсора на ""курсор-рука"" при наведении на селекторы в разделе ""Travellers Information""","Anna Tsiopa","22 Aug 2022","24 Aug 2022",,"root","Bug","Usability","Normal","PhpTravels","1. Открыть главную страницу сайта и перейти в раздел Flight 
2. Выбрать Turkish Airlines рейс Istanbul-Dubai в разделе Top Flight Destinations
3. Нажать на кнопку Book now на любом из рейсов
4. Навести курсор на селекторы Title, Date of Birth, Nationality, Passport Issuance Date, Passport Expiry Date в разделе Travellers Information

   **Результат:** при наведении курсор не меняется.

   ![](oFCb2CeGSq.gif){width=70%}

   **Ожидаемый результат:** курсор меняется на курсор-руку.","0"
"U4-610","Циопа Анна","","Подразделы нижнего меню ""Company"", ""Support"" и ""Servisec"" при открытии части из них оказываются пустыми и не локализованными после смены языка.","Anna Tsiopa","22 Aug 2022","24 Aug 2022","24 Aug 2022","root","Bug","Functional","Critical","PhpTravels","1. Открыть главную страницу сайта
2. Выбрать язык German в селекторе выбора языка
3. Проскроллить до подвала сайта
4. Навести курсор и открыть поочередно каждый из подразделов:

   ""Company"" (About Us, Terms Of Use, Cookies Policy, Privacy Policy);

   ""Support"" (Become Supplier, FAQ, Booking Tips, How To Book);

   ""Serviсes"" (File A Claim, Careers).

   **Результат:** каждый открытый подраздел не локализован и ведёт на страницу с надписью ""Data Not Found!""

   ![](mMd3B231QI.gif){width=70%}

   **Ожидаемый результат:** каждый открытый подраздел локализован и ведёт на страницу с соответствующеё инфомацией.","0"
"U4-612","Циопа Анна","Звезда","В разделе Контакты можно добавить буквы в номер телефона при создании контакта.","Anna Tsiopa","22 Aug 2022","24 Aug 2022",,"root","Bug","Functional","Major","EspoCRM","1. Открыть программу
2. Перейти в раздел Контакты в левой панели программы
3. Нажать на кнопку Создать контакт
4. Заполнить поле Телефон буквенными и символьными значениями, заполнить обязательные поля произвольно.
5. Нажать на кнопку Сохранить.

   **Результат:** номер с буквами и символами сохранён.

   ![](8mWUJKeKot.gif){width=70%}

   **Ожидаемый результат:** программа позволяет сохранить только числовой формат номера телефона.","0"
"U4-613","Циопа Анна","Звезда","В селекторе ""Имя"" два раза повторяется строка ""Г-жа"" и есть пустая строка при создании или редактировании контакта.","Anna Tsiopa","22 Aug 2022","24 Aug 2022",,"root","Bug","Functional","Major","EspoCRM","1. Открыть программу
2. Перейти в раздел Контакты в левом меню сайта
3. Добавить новый контакт через кнопку ""Создать""
4. Раскрыть селектор ""Имя"" 

   **Результат:** два раза повторяется строка ""Г-жа"", есть пустая строка.

   ![](Screenshot_2.png){width=70%}

   **Ожидаемый результат:** строки не дублируются, пустых строк нет. ","0"
"U4-522","Циопа Анна","Звезда","Разделы нижнего меню ""Company"", ""Support"" и ""Servisec"" при открытии каждого из них оказываются пустыми.","Anna Tsiopa","16 Aug 2022","22 Aug 2022",,"root","Bug","Functional","Critical","PhpTravels","1. Открыть сайт

2. Проскроллить до подвала сайта

3. Навести курсор и открыть поочередно каждый из разделов ""Company"", ""Support"" и ""Servisec""

   **Результат:** каждый открытый раздел ведёт на страницу с надписью ""Data Not Found!""

   ![](Screenshot_1в.png){width=308px}![](Screenshot_1б.png){width=308px}![](Screenshot_1.png){width=305px}

   **Ожидаемый результат:** каждый открытый раздел ведёт на страницу с соответствующеё инфомацией.","0"
"U4-584","Циопа Анна","Звезда","У программы нет файла для удаления.","Anna Tsiopa","21 Aug 2022","22 Aug 2022",,"root","Bug","Usability","Critical","ListBoxer","1. Установить программму.
2.  Перейти в папку с установленной программой.

   **Результат:** нет файла для удаления программы. Удалить можно только через панель управления или вручную. 

   **Ожидаемый результат:** есть файл деинсталляции. ","0"
"U4-600","Циопа Анна","Звезда","В разделе Blog в панели ""New Blog"" смещены элементы.","Anna Tsiopa","21 Aug 2022","22 Aug 2022",,"root","Bug","UI","Major","PhpTravels","1. Открыть главную страницу

2. Перейти в раздел Blog в верхнем меню.

   **Результат:** открывается страница в правой части которой элементы смещены, из-за этого названия блогов нечитаемы.

   ![](5.png){width=70%}

   **Ожидаемый результат:** элементы не накладываются друг на друга, все надписи читабельны.","0"
"U4-598","Циопа Анна","Звезда","В личном кабинете в разделе ""My Profile"" возможно выбрать город и регион, которого нет в стране. ","Anna Tsiopa","21 Aug 2022","22 Aug 2022",,"root","Bug","Functional","Major","PhpTravels","1. Открыть главную страницу и авторизоваться (логин: [nubopoxi@mailinator.com](mailto:nubopoxi@mailinator.com) пароль:12345)

2. Нажать на кнопку Account, выбрать раздел My Profile.

3. Выбрать в селекторе Country ""Cuba"", ввести в поле State ""Ивановская"", City - ""Ленинград""

   **Результат:** система принимает адрес и позволяет сохранить данные.

   ![](3.png){width=70%}

   **Ожидаемый результат:** система выдаёт сообщение об ошибке - город, регион и страна не соответствуют. Добавить адрес не получится.","0"
"U4-582","Циопа Анна","Звезда","В окне установки программы кнопка ""Install"" расположена отдельно от других вариантов.","Anna Tsiopa","21 Aug 2022","22 Aug 2022",,"root","Bug","Usability","Major","ListBoxer","1. Открыть установочный файл программы
2. Нажать кнонку ""ОК"" в первом диалоговом окне.

   **Результат:** открывается следующее окно установки, в котором кнопка ""Install"" находится отдельно от кнопки ""Exit setup"". 

   ![](1.png){width=70%}

   **Ожидаемый результат:** кнопки продолжения или выхода из установки в одном стиле и расположены рядом. ","0"
"U4-580","Циопа Анна","Звезда","В разделе Flights в поиске билета фильтр Price Range отображает цены в рублях, которые не соответсвуют ценам на билеты.","Anna Tsiopa","20 Aug 2022","22 Aug 2022",,"root","Bug","Functional","Major","PhpTravels","1. Открыть главную страницу

2. Выбрать RUB в селекторе выбора валюты

3. Перейти на страницу Flights в верхнем меню

4. Выбрать Turkish Airlines рейс Istanbul-Dubai в разделе Top Flight Destinations

   **Результат:** в фильтре Price Range значения начинаются от 1 млн и заканчиваются 12 млн, тогда как билеты стоят от 15 тыс до 172 тыс.

   ![](1.png){width=70%}

   **Ожидаемый результат:** в фильтре Price Range значения совпадают с границами стоимости билетов.","0"
"U4-579","Циопа Анна","Звезда","В форме бронирования отеля в предварительном итоге смещение элемента Room Type ","Anna Tsiopa","20 Aug 2022","22 Aug 2022",,"root","Bug","UI","Normal","PhpTravels","1. Открыть главную страницу

2. Открыть раздел Holets и выбрать отель Rendezvous Hotels

3. На странице отеля выбрать Junior Suites и нажать на кнопку Book Now.

   **Результат:** в разделе с предварительными итогами элемент Room Type перекрыт.

   **Ожидаемый результат**: в разделе с предварительными итогами элемент Room Type отображается полностью.","0"
"U4-578","Циопа Анна","Звезда","Страница отеля открывается со смещёнными элементами после входа в аккаунт.","Anna Tsiopa","20 Aug 2022","22 Aug 2022",,"root","Bug","UI","Major","PhpTravels","1. Открыть главную страницу и авторизоваться (логин: nubopoxi@mailinator.com, пароль: 12345)

2. Перейти в раздел Hotels и нажать на страницу Rendezvous Hotels.

   **Результат:** открывается страница со смещенными разделами.

   ![](2.png){width=70%}![](Screenshot_1.png){width=70%}

   **Ожидаемый результат:** открывается со страница с элементами без смещения и наложения.

   ![](1.png){width=70%}","0"
"U4-581","Циопа Анна","Звезда","В форме бронирования билетов в разделах ""Date of Birth"" и ""Passport Expiry Date"" в селекторах ""Day"" нет числа 31. ","Anna Tsiopa","21 Aug 2022","22 Aug 2022",,"root","Bug","Functional","Blocker","PhpTravels","1. Открыть сайт
2. Перейти на страницу Flights в верхнем меню
3. Выбрать Turkish Airlines рейс Istanbul-Dubai в разделе Top Flight Destinations
4. Выбрать любой рейс

   **Результат:** открывается форма бронирования, в которой нельзя выбрать число 31 в дате рождения и сроке выдачи паспорта.
   ![](1.png){width=70%}

   ![](2.png){width=70%}

   **Ожидаемый результат:** открывается форма бронирования, в которой можно выбрать 31 в дате рождения и сроке выдачи паспорта.","0"
"U4-583","Циопа Анна","Звезда","Программа не реагирует при попытке повторной установки в другую директорию.","Anna Tsiopa","21 Aug 2022","22 Aug 2022",,"root","Bug","Functional","Normal","ListBoxer","1. Установить программу.

2. Не удалять программу, запустить установку повторно.

3. Выбрать новую директорию на этапе выбора директории и нажать на кнопку продолжения установки.

   **Результат:** программа не реагирует и позволяет установить вторую версию программы.

   ![](2.png){width=70%}

   **Ожидаемый результат:** программа выдаёт предупреждение о том, что ПО уже установлено на этом компьютере.","0"
"U4-585","Циопа Анна","Звезда","В папке остаются файлы программы после удаления через панель управления. ","Anna Tsiopa","21 Aug 2022","22 Aug 2022",,"root","Bug","Functional","Major","ListBoxer","1. Установить программу
2. Удалить программу через панель управления ""Удаление программ""

   **Результат:** файлы в папке программы сохранились.

   ![](MMyapNFh6r.gif){width=70%}

   **Ожидаемый результат**: после удаления файлов программы не осталось. ","0"
"U4-586","Циопа Анна","Звезда","В процессе установки и удаления программы есть кнопки на русском языке. ","Anna Tsiopa","21 Aug 2022","22 Aug 2022",,"root","Bug","Localisation","Major","ListBoxer","1. Запустить установочный файл
2. Нажать на кнопку ""Exit setup"" на этапе выбора продолжения установки.

   **Результат**: кнопки ""Да"" и ""Нет"" вместо ""Yes/Ok"" и  ""No""

   ![](3.png){width=70%}

   **Ожидамаемый результат:** кнопки ""Yes/Ok"" и  ""No""","0"
"U4-588","Циопа Анна","Звезда","Файловые ассоциации сохраняются после полного удаления программы.","Anna Tsiopa","21 Aug 2022","22 Aug 2022",,"root","Bug","Functional","Normal","ListBoxer","1. Установить программу.
2. Создать любой файл и сохранить на компьютер.
3. Удалить программу через панель управления и вручную из папки установки.

   **Результат:** у созданных файлов после удаления сохраняются файловые ассоциации.

   **Ожидаемый результат:** файловые ассоциации не сохранены. ","0"
"U4-589","Циопа Анна","Звезда"," В селекторе Rage нет фильтра для циферно-буквенных значений, начинающихся с цифры. ","Anna Tsiopa","21 Aug 2022","22 Aug 2022",,"root","Bug","Functional","Major","ListBoxer","1. Открыть программу, выбрать смешанный режим в чекбоксе Symbols.
2. В поле ввода ввести значение ""1a"".

   **Результат:** в селекторе Rage нет фильтров для значения 1а. Такие значения можно увидеть только в варианте ""All"".

   **Ожидаемый результат:** в селекторе Rage есть фильтры для всех вариантов значений. 

   
","0"
"U4-590","Циопа Анна","Звезда","По клику на надписи “Descending” контекстная справка не срабатывает.","Anna Tsiopa","21 Aug 2022","22 Aug 2022",,"root","Bug","Functional","Critical","ListBoxer","1. Открыть программу
2. Нажать на кнопку контекстной справки в верхней части программы.
3. Навести курсор на надпись ""Descending”

   **Результат:** кнопка не срабатывает, окно справки не открывается.

   ![](ipUWfdAEKr.gif){width=70%}

   **Ожидаемый результат:** по клику на надписи “Descending” появляется подсказка “Порядок сортировки записей в списке по убыванию”.","0"
"U4-592","Циопа Анна","Звезда","Программа позволяет вводить числа больше 9999 в смешанном режиме.","Anna Tsiopa","21 Aug 2022","22 Aug 2022",,"root","Bug","Functional","Major","ListBoxer","1. Открыть программу
2. Включить смешанный режим в чекбоксе Symbols.
3. Ввести в поле ввода значение ""a9999999"" и нажать на кнопку ""Add to list""

   **Результат:** программа принимает значение и позволяет его добавить в список.

   ![](7.png){width=70%}

   **Ожидаемый результат:** программа блокирует ввод чисел выше диапазона 9999.","0"
"U4-594","Циопа Анна","Звезда","Программа позволяет открыть файлы другого формата.","Anna Tsiopa","21 Aug 2022","22 Aug 2022",,"root","Bug","Functional","Normal","ListBoxer","1\. Открыть программу.

2\. Скачать файл [1.txt](1.txt)

3\. Нажать в верхнем меню кнопку ""File"", затем ""Open"" и выбрать скачанный файл.

**Результат:** файл открывается, информация из него добавлена в список. 

**Ожидаемый результат:** программа выдаёт окно с ошибкой при попытке открытия файла.


","0"
"U4-596","Циопа Анна","Звезда","Функция сохранения не запрашивает подтверждения замены файла при сохранении файлов с одинаковым именем.","Anna Tsiopa","21 Aug 2022","22 Aug 2022",,"root","Bug","Functional","Critical","ListBoxer","1. Открыть программу
2. Ввести в поле ввода значения ""123, 543, abc"", добавить их в список.
3. Сохранить файл через кнопку Save as под именем test
4. Ввести в поле ввода значения ""888, 999, qas"", добавить их в список. 
5. Сохранить файл через кнопку Save as под именем test

   **Результат:** программа сохраняет файл с заменой уже существующего файла  с тем же именем без предупреждения.

   **Ожидаемый резултат:** программа оповещает о существовании файла с тем же именем и предлагает замену. ","0"
"U4-597","Циопа Анна","Звезда","В личном кабинете в разделе ""My Profile"" числовые поля ""Phone"" и ""Fax"" позволяют ввести буквы и символы. ","Anna Tsiopa","21 Aug 2022","22 Aug 2022",,"root","Bug","Functional","Major","PhpTravels","1. Открыть сайт и авторизоваться (логин: nubopoxi@mailinator.com пароль:12345)

2. Нажать на кнопку Account, выбрать раздел My Profile.

3. Ввести в поля Phone и Fax любой текст.

   **Результат:** система позволяет внести в числовое поле символы и буквы.

   ![](1.png){width=70%}

   ![](2.png){width=70%}

   **Ожидаемый результат:** в числовое поле можно внести только числа.","0"
"U4-602","Циопа Анна","Звезда","На странице блога ""Mordi e Vai in the Testaccio Market"" не прогружается изображение.","Anna Tsiopa","21 Aug 2022","22 Aug 2022",,"root","Bug","UI","Major","PhpTravels","1. Открыть страницу сайта <https://www.phptravels.net/blog/mordi-e-vai-in-the-testaccio-market/21>

   **Результат:** изображение недоступно.

   ![](1.png){width=70%}

   **Ожидаемый результат:** изображение загружено.","0"
"U4-604","Циопа Анна","Звезда","В разделе ""Holets"", ""Tours"", ""Cars"" в селекторе ""City name"" не работает поиск городов, которые состоят из нескольких слов.","Anna Tsiopa","21 Aug 2022","22 Aug 2022",,"root","Bug","Functional","Critical","PhpTravels","1. Открыть сайт, перейти в раздел Hotels
2. Ввести в селектор City Name ""San Juan""

   **Результат:** город не найден.

   ![](rt1INpeOGe1.gif){width=70%}

   **Ожидаемый результат:** город найден в списке. ","0"
"U4-605","Циопа Анна","Звезда","В личном кабинете в разделе ""Add Funds"" валюта пополнения осталась прежней после смены валюты.","Anna Tsiopa","21 Aug 2022","22 Aug 2022",,"root","Bug","Functional","Major","PhpTravels","1. Открыть сайт и авторизоваться (логин: [nubopoxi@mailinator.com](mailto:nubopoxi@mailinator.com) пароль:12345)
2. Нажать на кнопку Account, выбрать раздел ""Add Funds"".
3. Изменить валюту на любую другую в  верхней панели сайта в селекторе выбора валюты.

   **Результат:** в поле ""Amount in"" валюта осталась прежней. 

   ![](1.png){width=70%}

   **Ожидаемый результат:** валюта сменилась на выбранную. ","0"
"U4-606","Циопа Анна","Звезда","В личном кабинете в разделе ""Add Funds"" кнопка ""Pay now"" ведёт на пустую страницу ""https://www.phptravels.net/payment/bank-transfer"". ","Anna Tsiopa","21 Aug 2022","22 Aug 2022",,"root","Bug","Functional","Blocker","PhpTravels","1. Открыть сайт и авторизоваться (логин: [nubopoxi@mailinator.com](mailto:nubopoxi@mailinator.com) пароль:12345)
2. Нажать на кнопку Account, выбрать раздел Add Funds.
3. Выбрать радиокнопку Pay With Bank Transfer и нажать Pay Now.

   **Результат:** открывается страница с ошибкой ""404 Error. Page not Found"". Для других способов оплаты также актуально.

   ![](1.png){width=70%}

   **Ожидаемый результат:** открывается страница с формой оплаты.","0"
"U4-541","Циопа Анна","Звезда","В поле ввода можно внести символ $ в алфавитном и смешанном режимах.","Anna Tsiopa","19 Aug 2022","21 Aug 2022",,"root","Bug","Functional","Major","ListBoxer","1. Открыть программу ListBoxer
2. Ввести в поле ввода символ $
3. Нажать на кнопку ""Add to list""
   **Результат:** программа позволяет сохранить информацию в список.![](1.png){width=503px}
   **Ожидаемый результат:** программа выдаёт сообщение об ошибке и не позволяет ввести символ изначально.","0"
"U4-572","Циопа Анна","Звезда","В разделе ""Support"" опечатка в слове Support. ","Anna Tsiopa","20 Aug 2022","20 Aug 2022",,"root","Bug","UI","Normal","PhpTravels","1. Открыть сайт
2. Перейти в подвал сайта
3. Нажать на раздел Support

   **Результат:** открывается страница с названием Supprt.
   ![](1.png){width=70%}

   **Ожидаемый результат:** открывается страница с названием Support.","0"
"U4-574","Циопа Анна","Звезда","В разделе Hotels расположены предложения с нулевой скидкой. ","Anna Tsiopa","20 Aug 2022","20 Aug 2022",,"root","Bug","UI","Normal","PhpTravels","1. Открыть сайт
2. Перейти в верхнем меню в раздел Hotels

   **Результат:** отели Rendezvous Hotels и Hyatt Regency Perth размещены с лейблом 0% Discount.

   ![](2.png){width=70%}

   **Ожидаемый результат:** лейбл скидки добавляется только к тем отелям, у которых действительно снижена цена по скидке.","0"
"U4-575","Циопа Анна","Звезда","На сайте частично не пересчитывается валюта после смены значения в селекторе валюты.","Anna Tsiopa","20 Aug 2022","20 Aug 2022",,"root","Bug","Functional","Critical","PhpTravels","1. Открыть сайт 
2. Выбрать в селекторе смены валюты RUB.

   **Результат:** цифровые значения не изменились, только значок валюты.
   ![](2.png){width=70%}![](1.png){width=70%}

   **Ожидаемый результат:** произошёл пересчёт в выбранную валюту. ","0"
"U4-560","Циопа Анна","Звезда","В разделе ""Справочный центр HiTechPlace"" есть ссылка ""https://www.hitech-place.com/blank"", ведущая на пустую страницу. ","Anna Tsiopa","20 Aug 2022","20 Aug 2022",,"root","Bug","Functional","Major","HitechPlace","1. Открыть сайт.
2. Нажать на кнопку ""Перейти в справочный центр"" в нижнем разделе сайта.
3. Выбрать в списке ""Часто задаваемые вопросы"" раздел ""Где можно получить больше информации?"" и нажать на гиперссылку ""тут"".

   **Результат:** открывается страница с надписью ""OOPS! THAT PAGE CAN’T BE FOUND."" 

   ![](Screenshot_14.png){width=70%}

   **Ожидаемый результат:** открывается страница с требуемой информацией. ","0"
"U4-562","Циопа Анна","Звезда","В разделе распродажа товар ""9.7"" Планшет Apple iPad 2 16 Гб белый"" без скидки. ","Anna Tsiopa","20 Aug 2022","20 Aug 2022",,"root","Bug","Functional","Major","HitechPlace","1. Открыть сайт

2. Перейти верхнем меню в раздел ""Распродажа"".

3. Проскроллить до товара ""9.7"" Планшет Apple iPad 2 16 Гб белый""

   **Результат:** у товара есть лейбл ""скидка 10%"", скидка в цене не учтена и не рассчитана.

   ![](1.png)

   **Ожидаемый результат:** цена указана со скидкой, изначальная цена перечёркнута.","0"
"U4-567","Циопа Анна","Звезда","В меню ""Edit"" функции ""Cut/Copy/Paste"" недоступны для использования.","Anna Tsiopa","20 Aug 2022","20 Aug 2022",,"root","Bug","Functional","Blocker","ListBoxer","1. Открыть программу
2. Ввести любой текст в поле данных 
3. Открыть верхнее меню ""Edit"" и воспользоваться любой из функций Cut/Copy/Paste.
4. Воспользоваться любой из функций Cut/Copy/Paste с помощью горячих клавиш.

   **Результат:** программа блокирует все три функции через использование горячих клавиш, в меню ""Edit"" функции серым цветом и неактивны.

   ![](Screenshot_1.png){width=70%}

   **Ожидаемый результат:** программа выполняет выбранное действие как при использовании горячих клавиш, так и из меню ""Edit"".","0"
"U4-568","Циопа Анна","Звезда","В программе нет возможности изменить размер окна.","Anna Tsiopa","20 Aug 2022","20 Aug 2022",,"root","Bug","Functional","Major","ListBoxer","1. Открыть программу
2. Навести курсор на края или углы окна с программой 

   **Результат:** курсор не изменяется на курсор-перемещение, изменить размеры невозможно.

   **Ожидаемый результат:** курсор изменяется на курсор-перемещение, размеры окна изменяются на желаемые.","0"
"U4-557","Циопа Анна","Звезда","Нет функции удаления строки.","Anna Tsiopa","19 Aug 2022","20 Aug 2022",,"root","Bug","Functional","Major","ListBoxer","1. Открыть программу

2. Добавить в поле ввода любой текст и нажать кнопку ""Add to list"".

   **Результат:** можно удалить список целиком, отдельную строку убрать нельзя.

   **Ожидаемый результат:** есть функция удаления отдельной строки.","0"
"U4-569","Циопа Анна","Звезда","В верхней панели отсуствует функция ""свернуть/развернуть"" окно программы.","Anna Tsiopa","20 Aug 2022","20 Aug 2022",,"root","Bug","Functional","Major","ListBoxer","1. Открыть программу

   **Результат:** функции ""свернуть/развернуть"" окно не предусмотрено

   ![](Screenshot_9.png){width=70%}

   **Ожидаемый результат:** есть кнопка ""свернуть/развернуть"" окно программы, которая активируется при нажатии.","0"
"U4-570","Циопа Анна","Звезда","В диалоговом окне сохранения происходит закрытие программы при нажатии кнопки ""Отменить""","Anna Tsiopa","20 Aug 2022","20 Aug 2022",,"root","Bug","Functional","Blocker","ListBoxer","1. Открыть программу
2. Ввести любые данные в поле ввода и добавить их в список
3. Открыть меню File, кнопка Exit
4. Выбрать кнопку ""Отмена"" в открывшемся диалоговом окне.

   **Результат:** программа закрывается, файл не сохранён.

   ![](Ts75xXDas5.gif){width=70%}

   **Ожидаемый результат:** диалоговое окно закрывается, возврат к работе в запущенной программе. ","0"
"U4-571","Циопа Анна","Звезда","В верхнем меню не обозначено управление элементами меню с клавиатуры.","Anna Tsiopa","20 Aug 2022","20 Aug 2022",,"root","Bug","Usability","Normal","ListBoxer","1. Открыть программу
2. Зажать кнопку alt

   **Результат:** отображается подчёркивание для команд в верхнем меню програмы.
   ![](Screenshot_1.png){width=70%}

   **Ожидаемый результат:** буквы в элементах управления подчёркнуты без зажатия кнопки Alt.

   ![](11.PNG){width=70%}","0"
"U4-566","Циопа Анна","Звезда","В программе не сохраняется файл при выходе из неё через крестик.","Anna Tsiopa","20 Aug 2022","20 Aug 2022",,"root","Bug","Functional","Critical","ListBoxer","1. Открыть программу
2. Ввести в поле ввода любые данные
3. Нажать на кнопку выхода из программы

   **Результат:** программа закрывается без диалогового окна с сохранением.

   ![](oAKNEpksiS.gif){width=70%}

   **Ожидаемый результат:** программа предлагает в диалоговом окне сохранить файл или изменения при редактировании уже существующего файла.","0"
"U4-565","Циопа Анна","Звезда","В режиме быстрого просмотра смещение кнопки ""Закрыть""","Anna Tsiopa","20 Aug 2022","20 Aug 2022",,"root","Bug","UI","Normal","HitechPlace","1. Открыть сайт, зайти в аккаунт (логин: arandanomar@mail.ru, пароль: 12345)
2. Перейти в избранное
3. Навести курсор на фото товара и нажать на кнопку ""Быстрый просмотр""

   **Результат:** в открывшемся окне элементы кнопки ""закрыть"" смещены.

   ![](1.png){width=70%}

   **Ожидаемый результат:** в открывшемся окне элементы кнопки ""закрыть"" накладываются друг на друга.","0"
"U4-564","Циопа Анна","Звезда","В поле ввода ""Количество товара"" можно ввести значение с запятой.","Anna Tsiopa","20 Aug 2022","20 Aug 2022",,"root","Bug","Functional","Major","HitechPlace","1. Открыть сайт.
2. Перейти на страницу любого товара.
3. Ввести вручную значение 1,5 поле ""Количество товара"".

   **Результат:** система позволила ввести значение с запятой.

   ![](запятая.png){width=70%}

   **Ожидаемый результат:** система блокирует ввод значений с запятой.","0"
"U4-561","Циопа Анна","Звезда","В названии товара ""Аllure 55-дюймовый смарт-телевизор 4K UHD со светодиодной подсветкой"" опечатка в названии бренда.","Anna Tsiopa","20 Aug 2022","20 Aug 2022",,"root","Bug","UI","Normal","HitechPlace","1. Открыть сайт
2. Ввести в строку поиска название ""Аllure 55-дюймовый смарт-телевизор 4K UHD со светодиодной подсветкой"", перейти на страницу товара.

   **Результат:** первая буква в названии бренда на русском языке, что приводит к ошибке при сортировке по парамертру названия.

   ![](2.png){width=70%}![](1.png){width=70%}

   **Ожидаемый результат:** название бренда полностью на английском.","0"
"U4-559","Циопа Анна","Звезда","В разделе Records in list и Total Records счёт меньше на единицу после 15 добавленных строк.","Anna Tsiopa","19 Aug 2022","19 Aug 2022",,"root","Bug","Functional","Major","ListBoxer","1. Открыть программу ListBoxer
2. Добавить через поле ввода и кнопку ""Add to list"" 16 строк.

   **Результат:** в разделе Records in list и Total Records количество строк - 15.

   ![](Screenshot_8.png){width=70%}

   **Ожидаемый результат:** в разделе Records in list и Total Records количество строк - 16. ","0"
"U4-555","Циопа Анна","Звезда","В режимах Alphabetic и смешанный b идёт за a при сортировке по убыванию.","Anna Tsiopa","19 Aug 2022","19 Aug 2022",,"root","Bug","Functional","Critical","ListBoxer","1. Открыть программу 

2. Добавить в список через поле ввода и кнопку ""Add to list"" буквы от a до z (можно также a, b, c)

3. Нажать на радиокнопку ""Descending"".

   **Результат:** при сортировке b расположена ниже a.

   ![](Screenshot_5.png){width=70%}

   ![](Screenshot_6.png)

   **Ожидаемый результат:** при сортировке b расположена выше a.","0"
"U4-558","Циопа Анна","Звезда","В программе не очищается список, состоящий из одной строки.","Anna Tsiopa","19 Aug 2022","19 Aug 2022",,"root","Bug","Functional","Normal","ListBoxer","1. Открыть программу ListBoxer
2. Добавить в поле ввода любой текст и нажать кнопку ""Add to list"".

   **Результат**: кнопка Clear List неактивна.

   ![](Screenshot_7.png){width=70%}

   **Ожидаемый результат:** очищение списка через кнопку Clear list.","0"
"U4-537","Циопа Анна","Звезда","В разделе ""Мои адреса"" возможно выбрать город, которого нет в стране. ","Anna Tsiopa","17 Aug 2022","19 Aug 2022",,"root","Bug","Functional","Major","HitechPlace","1. Открыть главную страницу

2. Нажать на кнопку ""Войти"", войти через почту (логин: [arandanomar@mail.ru](mailto:arandanomar@mail.ru), пароль: 12345)

3. Нажать на главной странице на иконку аватарки, в выпадающем меню выбрать ""Мой аккаунт"".

4. Перейти в раздел ""Мои адреса"" и нажать на кнопку ""Добавить адрес""

5. Заполнить форму, ввести город ""Воронеж"", страна ""Австрия"", регион ""Штирия"", ввести почтовый индекс ""394068""

   **Результат:** система принимает адрес и позволяет сохранить данные.

   ![](адрес2.png)

   ![](адрес.png){width=70%}

   **Ожидаемый результат:** система выдаёт сообщение об ошибке - город, страна и почтовый индекс не соответствуют. Добавить адрес не получится.","0"
"U4-553","Циопа Анна","Звезда","В поле ввода возможно ввести 10000 в режимах смешанный и Numeric.","Anna Tsiopa","19 Aug 2022","19 Aug 2022",,"root","Bug","Functional","Major","ListBoxer","1. Открыть программу ListBoxer
2. Выбрать режим смешанный либо Numeric.
3. Ввести в поле ввода 10000.
4. Нажать на кнопку ""Add to list"".
   **Результат:** программа позволяет сохранить информацию в список.

   ![](Screenshot_21.png){width=70%}
   **Ожидаемый результат:** программа выдаёт сообщение об ошибке и не позволяет ввести символ изначально.","0"
"U4-552","Циопа Анна","Звезда","В список нельзя добавить новые строки после нажатия на кнопку Clear List, а затем отмены очистки через кнопку Undo.","Anna Tsiopa","19 Aug 2022","19 Aug 2022",,"root","Bug","Functional","Major","ListBoxer","1. Открыть программу ListBoxer.
2. Добавить несколько строк через поле ввода и кнопку Add to list.
3. Нажать на кнопку Clear list.
4. Выбрать в верхей панели меню Edit, в выпадающем списке нажать на Undo.
5. Ввести текст в поле ввода и нажать на кноку Add to list.

   **Результат:** добавить новые строки не получится. 

   ![](NGNrFUNBAT.gif){width=70%}

   **Ожидаемый результат:** добавлены новые строки. 

   
","0"
"U4-545","Циопа Анна","Звезда","В селекторе ""Rage"" опечатка в диапазоне 300-9999.","Anna Tsiopa","19 Aug 2022","19 Aug 2022",,"root","Bug","UI","Major","ListBoxer","1. Открыть программу ListBoxer
2. В чекбоксе Symbols выбрать режим Numeric или смешанный.
3. Раскрыть селектор Rage

   **Результат:** можно выбрать фильтр 300-9999.

   ![](Screenshot_1.png){width=70%}

   **Ожидаемый результат:** можно выбрать фильтр 301-9999.","0"
"U4-547","Циопа Анна","Звезда","В селекторе ""Rage"" есть пустая строка. ","Anna Tsiopa","19 Aug 2022","19 Aug 2022",,"root","Bug","Functional","Normal","ListBoxer","1. Открыть программу ListBoxer.
2. В чекбоксе Symbols выбрать любой режим.
3. Раскрыть селектор Rage.

   **Результат**: в выпадающем списке есть пустая строка.

   ![](Screenshot_12.png){width=70%}

   **Ожидаемый результат:** все фильтры в селекторе имеют название.","0"
"U4-550","Циопа Анна","Звезда","Открывается пустой файл при открытии уже созданного файла с рабочего стола.","Anna Tsiopa","19 Aug 2022","19 Aug 2022",,"root","Bug","Functional","Critical","ListBoxer","1. Скачать файл [test.lbx](test.lbx)
2. Кликнуть на файл для его открытия в программе ListBoxer.
3. В чекбоксе Symbols выбрать смешанный режим.
4. В селекторе Rage выбрать фильтр All.

   **Результат:** открывается пустой файл.

   ![](пустой файл.png){width=70%}

   **Ожидаемый результат:** открывается выбранный файл с данными. 

   ![](созданный файл.png){width=70%}","0"
"U4-548","Циопа Анна","Звезда","В диалоговом окне русские слова при попытке выйти без сохранения файла.","Anna Tsiopa","19 Aug 2022","19 Aug 2022",,"root","Bug","Localisation","Major","ListBoxer","1. Открыть программу ListBoxer
2. Выбрать режим смешанный в чекбоксе ""Symbols""
3. В поле ввода ввести текст ""1234aa""
4. Нажать на кнопку ""Add to list""
5. Нажать на кнопку ""File"" в верхнем меню, выбрать пункт ""Exit""

   **Результат:** диалоговое окно сохранения содержит кнопки на русском.

   ![](2.png){width=70%}

   **Ожидаемый результат:** всплывающее окно полностью на английском.","0"
"U4-554","Циопа Анна","Звезда","В режимах Numeric и смешанный 0 идёт за 1 при сортировке по убыванию.  ","Anna Tsiopa","19 Aug 2022","19 Aug 2022",,"root","Bug","Functional","Major","ListBoxer","1. Открыть программу ListBoxer
2. Через поле ввода и кнопку ""Add to list"" добавить в список цифры от 0 до 9.
3. Нажать на радиокнопку ""Descending"".

   **Результат:** при сортировке 0 расположен выше 1.

   ![](Screenshot_4.png){width=70%}

   **Ожидаемый результат:** при сортировке 0 идёт после 1.","0"
"U4-546","Циопа Анна","Звезда","В описании программы опечатка в версии ""1.98""","Anna Tsiopa","19 Aug 2022","19 Aug 2022",,"root","Bug","UI","Normal","ListBoxer","1. Открыть программу ListBoxer
2. В верхней панели выбрать меню ""Help"", далее ""About ListBoxer""

   **Результат:** указана версия ""1,89"".

   ![](Screenshot_5.png)

   **Ожидаемый результат:** указана версия ""1.98"".


","0"
"U4-549","Циопа Анна","Звезда","В файлах пропадают строки после повторного открытия в программе. ","Anna Tsiopa","19 Aug 2022","19 Aug 2022",,"root","Bug","Functional","Critical","ListBoxer","1. Открыть программу ListBoxer.
2. В чекбоксе Symbols выбрать смешанный режим. 
3. В поле ввода ввести любой текст и нажать на кнопку ""Add to list"", повторить несколько раз для создания 3-4 строк в списке.
4. Нажать на кнопку ""File"" в верхнем меню, выбрать пункт ""Save as"".
5. Сохранить файл под любым названием.
6. Повторно открыть программу, нажать на кнопку ""File"" в верхнем меню, выбрать пункт ""Opened"" и выбрать созданный ранее файл.

   **Результат:** после повторого открытия файла часть строк из списка исчезла.

    ![](созданный файл.png){width=396px} =\> ![](открытый файл.png){width=394px}

   **Ожидаемый результат:** после повторного открытия файла все строки доступны.","0"
"U4-551","Циопа Анна","Звезда","В программу нельзя перенести файл с рабочего стола. ","Anna Tsiopa","19 Aug 2022","19 Aug 2022",,"root","Bug","Usability","Normal","ListBoxer","1. Открыть программу ListBoxer
2. Предварительно скачанный файл [test.lbx](test.lbx) перенести мышкой в открытую программу

   **Результат**: программа запрещает перенос.

   ![](9STsxV4qev.gif){width=70%}

   **Ожидаемый результат:** программа открывает переносимый файл. ","0"
"U4-543","Циопа Анна","Звезда","В список можно добавить пустую строку, нажав на кнопку ""Add to list"" ","Anna Tsiopa","19 Aug 2022","19 Aug 2022",,"root","Bug","Functional","Normal","ListBoxer","1. Открыть программу ListBoxer

2. Выбрать любой из режимов в чекбоксе ""Symbols""

3. Не вводить символы в поле ввода, сразу нажать на кнопку ""Add to list""

   **Результат:** программа позволяет добавить в список пустую строку

   ![](3.png){width=70%}

   **Ожидаемый результат:** нельзя добавить пустую строку.","0"
"U4-542","Циопа Анна","Звезда","В поле ввода можно внести число больше 9999 в цифровом режиме.","Anna Tsiopa","19 Aug 2022","19 Aug 2022",,"root","Bug","Functional","Normal","ListBoxer","1. Открыть программу ListBoxer
2. В чекбоксе ""Symbols"" выбрать режим ""Numeric""
3. Ввести в поле ввода цифру 99999999

**Результат:** программа позволяет ввести число больше 9999.

![](2.png){width=70%}



**Ожидаемый результат:** программа не позволяет ввести символ.


","0"
"U4-544","Циопа Анна","Звезда","В поле ввода можно вставить текст, который не соответствует требованиям.","Anna Tsiopa","19 Aug 2022","19 Aug 2022",,"root","Bug","Functional","Normal","ListBoxer","1. Открыть программу ListBoxer
2. В чекбоксе ""Symlols"" выбрать смешанный режим
3. Скопировать текст ""!""%№;баг баг баг""
4. Вставить текст в поле ввода через контекстное меню
5. Нажать на кнопку ""Add to list""

   **Результат:** в списке появилась строка с текстом ""!""%№;баг баг баг""

   ![](1.png){width=70%}

   **Ожидаемый результат:** вставить текст в поле ввода не получилось изначально либо программа выдала сообщение об ошибке при попытке добавить строку в список. ","0"
"U4-539","Циопа Анна","Звезда","В разделе ""Телефоны"" есть лишний товар ""Наушники TWS Xiaomi Mi True Wireless Earphones 2 Basic белый""..","Anna Tsiopa","17 Aug 2022","18 Aug 2022",,"root","Bug","Usability","Major","HitechPlace","1. Открыть главную страницу
2. В верхнем меню перейти в раздел ""Телефоны""

   **Результат:** 9 товаров, один из которых - наушники.

   ![](фильтр.png){width=70%}

   **Ожидаемый результат:** в разделе только телефоны. ","0"
"U4-538","Циопа Анна","Звезда","В разделе ""Мои адреса"" поле ""Почтовый индекс"" возможно ввести спецсимволы.","Anna Tsiopa","17 Aug 2022","18 Aug 2022",,"root","Bug","Functional","Major","HitechPlace","1. Открыть главную страницу
2. Нажать на кнопку ""Войти"", войти через почту (логин: [arandanomar@mail.ru](mailto:arandanomar@mail.ru), пароль: 12345)
3. Нажать на главной странице на иконку аватарки, в выпадающем меню выбрать ""Мой аккаунт"".
4. Перейти в раздел ""Мои адреса"" и нажать на кнопку ""Добавить адрес""
5. В поле ""Почтовый индекс"" ввести любой набор спецсимволов: !""№;%:?\*()_+@#$^&

   **Результат:** система принимает индекс и позволяет сохранить данные.

   ![](Screenshot_1.png){width=70%}

   ![](Screenshot_2.png){width=70%}

   **Ожидаемый результат:** система выдаёт сообщение об ошибке или блокирует ввод спецсимволов в поле. ","0"
"U4-540","Циопа Анна","Звезда","На странице товара ""Shel 40"" Класс LED Full HD Smart TV"" не прогружается изображение.","Anna Tsiopa","17 Aug 2022","18 Aug 2022",,"root","Bug","UI","Major","HitechPlace","1. Открыть главную страницу сайта
2. В поисковую строку ввести ""Shel 40"" Класс LED Full HD Smart TV"" и перейти на страницу товара (<https://clck.ru/scykU>)

   Результат: открывается страница товара с недоступным изображением.

   ![](изобр.png){width=70%}

   Ожидаемый результат: открывается страница товара, изображение прогружено. ","0"
"U4-530","Циопа Анна","Звезда","В нижнем меню в разделе соц.сети иконка Twitter неактивна при нажатии.","Anna Tsiopa","17 Aug 2022","17 Aug 2022",,"root","Bug","Functional","Major","HitechPlace","1. Открыть главную страницу
2. Проскроллить до нижнего меню и нажать на иконку Twitter

   **Результат:** иконка неактивна, перехода по ссылке не происходит.

   ![](1.png)

   **Ожидаемый результат:** курсор меняется на курсор-руку и при нажатии на иконку происходит переход по ссылке на профиль сайта в Twitter.","0"
"U4-535","Циопа Анна","Звезда","На сайте невозможно перейти к оформлению заказа.","Anna Tsiopa","17 Aug 2022","17 Aug 2022",,"root","Bug","Functional","Blocker","HitechPlace","

1. Открыть главную страницу сайта

2. Добавить любой товар в корзину

3. Перейти в корзину и нажать на кнопку ""Оформить заказ""

   **Результат:** появляется окно с сообщением о том, что заказы временно не принимаются.

   ![](1.png){width=70%}

   **Ожидаемый результат:** переход на страницу оформления заказа для дальнейшего ввода данных и оплаты.","0"
"U4-527","Циопа Анна","Звезда","В разделе ""Планшеты"" в сортировке нет фильтра цены по убыванию.","Anna Tsiopa","17 Aug 2022","17 Aug 2022",,"root","Bug","Functional","Major","HitechPlace","1. Открыть главную страницу сайта
2. В верхнем меню выбрать и перейти в раздел ""Планшеты"" 
3. Открыть справа селектор ""Сортировка"" 

   **Результат:** нет фильтра ""Цена (высокая – низкая)""

   ![](Screenshot_1.png){width=70%}

   **Ожидаемый результат**: есть 6 вариантов фильтров, включая фильтр ""Цена (высокая – низкая)"".","0"
"U4-528","Циопа Анна","Звезда","В личном кабинете нет кнопки для удаления аватара. ","Anna Tsiopa","17 Aug 2022","17 Aug 2022",,"root","Bug","Functional","Major","HitechPlace","1. Открыть главную страницу
2. Нажать на кнопку ""Войти"", войти через почту (логин: arandanomar@mail.ru, пароль: 12345)
3. Нажать на главной странице на иконку аватарки, в выпадающем меню выбрать ""Мой аккаунт"".

   **Результат:** открывается страница профиля с возможностью отредактировать данные. Аватар возможно загрузить, но кнопки для его удаления нет

   ![](1.png){width=70%}

   **Ожидаемый результат:** открывается страница профиля с возможностью отредактировать данные. Аватар возможно загрузить, отредактировать и удалить. ","0"
"U4-533","Циопа Анна","Звезда","В нижнем меню в разделе соц.сети иконка Youtube ведёт на сайт https://www.hitech-place.com/. ","Anna Tsiopa","17 Aug 2022","17 Aug 2022",,"root","Bug","Functional","Major","HitechPlace","1. Открыть главную страницу
2. Проскроллить до нижнего меню и нажать на иконку Youtube

   **Результат:** иконка активна, происходит переход на сайт <https://www.hitech-place.com/>.

   ![](Screenshot_1.png)

   **Ожидаемый результат:** при нажатии на иконку происходит переход по ссылке на профиль сайта в Youtube.","0"
"U4-534","Циопа Анна","Звезда","В чат-боте время обозначено в 12-часовом формате.","Anna Tsiopa","17 Aug 2022","17 Aug 2022",,"root","Bug","Localisation","Normal","HitechPlace","1. Открыть главную страницу сайта
2. Нажать на иконку чат-бота
3. Ввести сообщение в поле ввода

   **Результат:** время отправки сообщения указано в 12-часовом формате.

   ![](1.png)

   **Ожидаемый результат:** время отправки сообщения указано в 24-часовом формате.","0"
"U4-532","Циопа Анна","Звезда","В формах обратной связи результат отображается на английском после отправки данных.","Anna Tsiopa","17 Aug 2022","17 Aug 2022",,"root","Bug","Localisation","Normal","HitechPlace","Такая же проблема возникает и при отправке других форм (в разделах ""Карьера"", в форме новостной рассылки)

1. Открыть главную страницу.

2. Проскроллить до нижнего меню.

3. В разделе ""Поддержка клиентов"" нажать на кнопку ""Контакты""

4. На открывшейся странице ""Связаться с нами"" заполнить форму обратной связи и нажать на кнопку ""Отправить""

   **Результат:** после отправки данных появляется надпись ""Thanks for submitting!""

   ![](2.png){width=276px}![](1.png){width=297px}![](3.png){width=298px}

   **Ожидаемый результат:** после отправки данных появляется надпись ""Спасибо за обращение"".","0"
"U4-525","Циопа Анна","Звезда","На главной странице в разделе ""Категории товаров"" смещение элементов ","Anna Tsiopa","17 Aug 2022","17 Aug 2022",,"root","Bug","UI","Major","HitechPlace","1. Открыть главную страницу
2. Проскроллить до раздела ""Категории товаров""

   **Результат:** нижний ряд иконок смещён за пределы раздела.

   ![](2.png){width=70%}

   **Ожидаемый результат:** все иконки расположены в пределах раздела.","0"
"U4-526","Циопа Анна","Звезда","Поиск по ассортименту находит товары, которые не относятся к запросу пользователя.","Anna Tsiopa","17 Aug 2022","17 Aug 2022",,"root","Bug","Functional","Major","HitechPlace","1. Открыть главную страницу
2. Ввести в поисковую строку запрос, например, телефоны.
3. На странице ""Результаты поиска"" нажать на кнопку ""Смотреть все""
4. Откроется страница со всеми результатами поиска.

   **Результат:** найдены элементы по запросу ""телефоны"", среди которых наушники и беспроводная камера.

   **Ожидаемый результат:** найдены элементы по запросу ""телефоны"", среди которых только телефоны.","0"
"U4-524","Циопа Анна","","На странице товара кнопки ""Добавить в корзину"" и ""Купить"" разные по длине","Anna Tsiopa","17 Aug 2022","17 Aug 2022","17 Aug 2022","root","Bug","UI","Normal","HitechPlace","1. Открыть главную страницу сайта
2. Перейти на страницу любого товара

   **Результат:** кнопки ""Добавить в корзину"" и ""Купить"" разные по длине

   ![](1.png){width=326px}

   **Ожидаемый результат:** кнопки ""Добавить в корзину"" и ""Купить"" одинаковы по длине. ","0"
"U4-523","Циопа Анна","Звезда","В разделе ""FAQ"" текст отличается по форматированию от других разделов. ","Anna Tsiopa","16 Aug 2022","17 Aug 2022",,"root","Bug","UI","Normal","PhpTravels","1. Открыть главную страницу сайта

2. Перейти в подвал

3. Навести курсор и кликнуть на раздел ""FAQ"" в блоке ""Support""

   **Результат:** открывается страница со сплошным текстом, выделены некоторые заголовки. Читать текст тяжело.![](2.png){width=295px}

   **Ожидаемый результат:** текст разделен на разделы, заголовки жирным шрифтом, вопросы выделены курсивом или разделены по пунктам.

![](2б.png){width=328px}","0"
"U4-520","Циопа Анна","Звезда","На сайте в верхнем меню разный стиль иконок.","Anna Tsiopa","16 Aug 2022","17 Aug 2022",,"root","Bug","UI","Minor","HitechPlace","1. Открыть главную страницу сайта

2. Найти в верхнем меню иконки личного кабинета.

   **Результат:** кнопка ""Корзина"" имеет только иконку без подписи, кнопка ""Войти"" без подчёркивания. Между кнопками разные расстояния. Надписи разным размером шрифта. 

   ![](4.png)

   **Ожидаемый результат:** ""Корзина"" и ""Войти"" подписаны как соседняя кнопка ""Избранное"": одинаковый шрифт и размер, есть подчёркивание. Между кнопками одинаковые расстояния. 

   
","0"
"U4-516","Циопа Анна","Звезда","В заголовке и фильтре в разделе ""Аксессуары"" опечатка.","Anna Tsiopa","16 Aug 2022","17 Aug 2022",,"root","Bug","UI","Normal","HitechPlace","1. Открыть главную страницу сайта
2. В верхнем меню выбрать раздел ""Аксессуары""

   **Результат:** открывается раздел и фильтр в нём с заголовком ""Акссесуары"".![](Screenshot_38.png){width=70%}

   **Ожидаемый результат:** открывается раздел и фильтр в нём с заголовком ""Аксессуары"".","0"
"U4-515","Циопа Анна","Звезда","В верхнем меню кнопка « Бесплатная доставка при заказе от 3000 ₽» неактивна","Anna Tsiopa","16 Aug 2022","17 Aug 2022",,"root","Bug","Usability","Normal","HitechPlace","1. Открыть главную страницу сайта

2. Навести курсор на кнопку ""Бесплатная доставка при заказе от 3000 ₽""

   **Результат**: появляется курсор выделения текста, кнопка неактивна, переход по ссылке не осуществляется.

   ![](курсор.gif){width=70%}

   **Ожидаемый результат:** при нажатии кнопки появляется курсор-рука и срабатывает переход по ссылке на страницу, в которой описаны условия доставки.

   
","0"
"U4-513","Циопа Анна","Звезда","На сайте не срабатывает смена языка","Anna Tsiopa","16 Aug 2022","17 Aug 2022",,"root","Bug","Localisation","Critical","HitechPlace","1. Открыть главную страницу

2. Сменить язык на английский (EN) в фильтре

   **Результат:** язык на сайте остался русским, изменились лишь названия некоторых кнопок.

   ![](Screenshot_7щ.png){width=435px}![](язык1.gif){width=502px}

   **Ожидаемый результат:** язык на сайте полностью сменился на английский.","0"
"U4-517","Циопа Анна","Звезда","В нижней части сайте не хватает отступов в кнопке «Перейти в справочный центр».","Anna Tsiopa","16 Aug 2022","16 Aug 2022",,"root","Bug","UI","Normal","HitechPlace","1. Открыть главную страницу сайта
2. Прокрутить вниз до баннера над нижним меню сайта

   Результат: кнопка ""Перейти в справочный центр"" не имеет отступов по краям из-за чего плохо воспринимается.![](Screenshot_3.png){width=296px}

   Ожидаемый результат: кнопка ""Перейти в справочный центр"" имеет отступы по краям.","0"
"U4-518","Циопа Анна","Звезда","На сайте плейсхолдер в поиске жирным шрифтом.","Anna Tsiopa","16 Aug 2022","16 Aug 2022",,"root","Bug","UI","Normal","HitechPlace","1. Открыть главную страницу сайта.
2. В верхнем меню кликнуть на поисковую строку.

   **Результат:** плейсхолдер в поисковой строке обозначен жирным шрифтом. ![](Screenshot_5.png){width=244px}

   **Ожидаемый результат:** плейсхолдер в поисковой строке обозначен полу-прозрачным серым цветом. ","0"